,1,2,3,4,5,6,7,8,9,10,11,12,13,14,15,16,17,18,19,20,21,22,23,24,25,26,27,28,29,30,31,32,33,34,35,36,37,38,39,40,41,42,43,44,45,46,47,48,49,50,51,52,53,54,55,56,57,58,59,60,61,62,63,64,65,66,67,68,69,70,71,72,73,74,75,76,77,78,79,80,81,82,83,84,85,86,87,88,89,90,91,92,93,94,95,96,97,98,99
NL4-3,P,Q,I,T,L,W,K,R,P,L,V,T,I,K,I,G,G,Q,L,K,E,A,L,L,D,T,G,A,D,D,T,V,L,E,E,M,N,L,P,G,R,W,K,P,K,M,I,G,G,I,G,G,F,I,K,V,R,Q,Y,D,Q,I,L,I,E,I,C,G,H,K,A,I,G,T,V,L,V,G,P,T,P,V,N,I,I,G,R,N,L,L,T,Q,I,G,C,T,L,N,F
I84V,P,Q,I,T,L,W,K,R,P,L,V,T,I,K,I,G,G,Q,L,K,E,A,L,L,D,T,G,A,D,D,T,V,L,E,E,M,N,L,P,G,R,W,K,P,K,M,I,G,G,I,G,G,F,I,K,V,R,Q,Y,D,Q,I,L,I,E,I,C,G,H,K,A,I,G,T,V,L,V,G,P,T,P,V,N,V,I,G,R,N,L,L,T,Q,I,G,C,T,L,N,F
V82F I84V,P,Q,I,T,L,W,K,R,P,L,V,T,I,K,I,G,G,Q,L,K,E,A,L,L,D,T,G,A,D,D,T,V,L,E,E,M,N,L,P,G,R,W,K,P,K,M,I,G,G,I,G,G,F,I,K,V,R,Q,Y,D,Q,I,L,I,E,I,C,G,H,K,A,I,G,T,V,L,V,G,P,T,P,F,N,V,I,G,R,N,L,L,T,Q,I,G,C,T,L,N,F
I50V A71V,P,Q,I,T,L,W,K,R,P,L,V,T,I,K,I,G,G,Q,L,K,E,A,L,L,D,T,G,A,D,D,T,V,L,E,E,M,N,L,P,G,R,W,K,P,K,M,I,G,G,V,G,G,F,I,K,V,R,Q,Y,D,Q,I,L,I,E,I,C,G,H,K,V,I,G,T,V,L,V,G,P,T,P,V,N,I,I,G,R,N,L,L,T,Q,I,G,C,T,L,N,F
I32V F33L,P,Q,I,T,L,W,K,R,P,L,V,T,I,R,I,G,G,Q,L,K,E,A,L,L,D,T,G,A,D,D,T,I,F,E,E,M,N,L,P,G,K,W,K,P,K,M,I,G,G,I,G,G,F,I,K,V,R,Q,Y,D,Q,I,P,I,E,I,C,G,H,K,A,I,G,T,V,L,V,G,P,T,P,V,N,I,I,G,R,N,L,L,T,Q,I,G,C,T,L,N,F
K45I M46I V82F I84V,P,Q,I,T,L,W,K,R,P,L,V,T,I,K,I,G,G,Q,L,K,E,A,L,L,D,T,G,A,D,D,T,V,L,E,E,M,N,L,P,G,R,W,K,P,I,I,I,G,G,I,G,G,F,I,K,V,R,Q,Y,D,Q,I,L,I,E,I,C,G,H,K,A,I,G,T,V,L,V,G,P,T,P,F,N,V,I,G,R,N,L,L,T,Q,I,G,C,T,L,N,F
Sel-DRV0-8Mut,P,Q,I,T,L,W,K,R,P,L,V,T,V,K,I,E,G,Q,L,K,E,A,L,L,D,T,G,A,D,D,T,I,F,E,E,M,N,L,P,G,R,W,K,P,I,I,I,G,G,I,G,G,F,I,K,V,R,Q,Y,D,Q,I,L,I,E,I,C,G,H,K,A,I,G,T,V,L,V,G,P,T,P,F,N,V,I,G,R,N,L,L,T,Q,I,G,C,T,L,N,F
Sel-DRV0-10Mut,P,Q,I,T,L,W,K,R,P,L,V,T,V,K,I,E,G,Q,L,K,E,A,L,L,D,T,G,A,D,D,T,I,F,E,E,M,N,L,P,G,R,W,K,P,I,I,I,G,G,I,G,G,F,I,K,V,R,Q,Y,D,Q,I,L,I,E,I,C,G,H,K,V,I,G,T,V,V,V,G,P,T,P,F,N,V,I,G,R,N,L,L,T,Q,I,G,C,T,L,N,F
Sel-DRV0-11Mut,P,Q,I,T,L,W,K,R,P,L,V,T,V,K,I,E,G,Q,L,K,E,A,L,L,D,T,G,A,D,D,T,I,F,E,E,M,N,L,P,G,R,W,K,P,I,I,I,G,G,I,G,G,F,L,K,V,R,Q,Y,D,Q,I,L,I,E,I,C,G,H,K,V,I,G,T,V,V,V,G,P,T,P,F,N,V,I,G,R,N,L,L,T,Q,I,G,C,T,L,N,F
Sel-U2-9Mut,P,Q,I,T,L,W,K,R,P,I,V,T,I,K,I,G,G,Q,L,K,E,A,L,L,D,T,G,A,D,D,T,I,F,E,E,M,N,L,P,G,R,W,K,P,I,I,I,G,G,V,G,G,F,I,K,V,R,Q,Y,D,Q,I,L,I,E,I,C,G,H,K,V,I,G,T,V,L,V,G,P,T,P,I,N,V,I,G,R,N,L,L,T,Q,I,G,C,T,L,N,F
Sel-U5s-7Mut,P,Q,I,T,L,W,K,R,P,F,V,T,I,K,I,G,G,Q,L,K,E,A,L,L,D,T,G,A,D,D,T,I,F,E,E,M,N,L,P,G,R,W,K,P,I,M,I,G,G,I,G,G,F,I,K,V,R,Q,Y,D,Q,I,L,I,E,I,C,G,H,K,V,I,G,T,V,L,V,G,P,T,P,I,N,V,I,G,R,N,L,L,T,Q,I,G,C,T,L,N,F
Sel-U8-10Mut,P,Q,I,T,L,W,K,R,P,F,V,T,I,K,I,G,G,Q,L,K,E,A,L,L,D,T,G,A,D,D,T,V,L,E,E,M,N,L,P,G,R,W,K,P,K,I,V,G,G,V,G,G,L,I,K,V,R,Q,Y,D,Q,I,P,I,E,I,C,G,H,K,A,V,S,T,V,L,V,G,P,T,P,I,N,I,V,G,R,N,L,L,T,Q,I,G,C,T,L,N,F
Sel-U9s-6Mut,P,Q,I,T,L,W,K,R,P,F,V,T,I,K,I,G,G,Q,L,K,E,A,L,L,D,T,G,A,D,D,T,V,L,E,E,M,N,L,P,G,R,W,K,P,K,I,I,G,G,V,G,G,L,I,K,V,R,Q,Y,D,Q,I,P,I,E,I,C,G,H,K,A,I,S,T,V,L,V,G,P,T,P,V,N,I,I,G,R,N,L,L,T,Q,I,G,C,T,L,N,F
Sel-DRV3-10Mut,P,Q,I,T,L,W,K,R,P,F,V,T,I,K,I,G,G,Q,L,K,E,A,L,L,D,T,G,A,D,D,T,I,F,E,E,M,D,L,P,G,R,W,K,P,K,I,I,G,G,I,G,G,F,I,K,V,R,Q,Y,D,Q,I,P,I,E,I,C,G,H,K,A,I,G,S,V,V,V,G,P,T,P,V,N,V,I,G,R,N,M,L,T,Q,I,G,C,T,L,N,F
Sel-U3-12Mut,P,Q,I,T,L,W,K,R,P,F,V,T,I,K,I,G,G,Q,L,K,E,A,L,L,D,T,G,A,D,D,T,V,F,E,E,M,N,L,P,G,R,W,K,P,K,I,V,G,G,V,G,G,L,I,K,V,R,Q,Y,D,Q,I,P,I,E,I,C,G,H,K,V,I,G,T,V,S,V,G,P,T,P,I,N,I,V,G,R,N,I,L,T,Q,I,G,C,T,L,N,F
Sel-U4-14Mut,P,Q,I,T,L,W,K,R,P,F,I,T,V,K,I,G,G,Q,L,K,E,A,L,L,D,T,G,A,D,D,T,I,F,E,E,M,D,L,P,G,R,W,K,P,K,I,I,G,G,I,G,G,F,I,K,V,R,Q,Y,D,Q,I,P,I,E,I,C,G,H,K,A,I,G,S,V,V,V,G,P,T,P,V,N,V,I,G,R,N,M,L,T,Q,I,G,C,T,L,N,F
Sel-U5e-10Mut,P,Q,I,T,L,W,K,R,P,F,V,T,I,K,V,G,G,Q,L,K,E,A,L,L,D,T,G,A,D,D,T,V,L,E,E,M,N,L,P,G,R,W,K,P,K,I,V,G,G,V,G,G,L,I,K,V,R,Q,Y,D,Q,I,L,I,E,I,C,G,H,K,V,I,G,T,V,L,V,G,P,T,P,I,N,V,I,G,R,N,T,L,T,Q,I,G,C,T,L,N,F
Sel-U9e-14Mut,P,Q,I,T,L,W,K,R,P,F,V,T,V,K,I,G,G,Q,L,K,E,A,L,L,D,T,G,A,D,D,T,V,F,E,E,M,N,L,P,G,R,W,K,P,R,I,V,G,G,V,G,G,L,L,K,V,R,Q,Y,D,Q,I,L,I,E,F,C,G,H,K,V,I,G,A,V,S,V,G,P,T,P,I,N,I,I,G,R,N,L,L,T,Q,I,G,C,T,L,N,F
3ttp,P,Q,I,T,L,W,Q,R,P,L,V,T,V,K,I,G,G,Q,L,R,E,A,L,L,D,T,G,A,D,D,T,I,F,E,D,I,N,L,P,G,K,W,T,P,K,M,V,G,G,I,G,G,F,M,K,V,R,Q,Y,D,Q,V,V,I,E,I,C,G,H,K,V,T,S,P,V,L,V,G,P,T,P,L,N,I,I,G,R,N,V,L,T,Q,L,G,C,T,L,N,F
3u7s,P,Q,I,T,L,W,Q,R,P,L,V,V,V,K,V,G,G,Q,L,M,E,A,L,L,D,T,G,A,D,D,T,I,F,E,E,M,N,L,P,G,R,W,T,P,K,M,I,G,G,I,G,G,F,L,N,V,R,Q,Y,D,Q,V,P,I,E,I,C,G,H,K,V,V,S,T,V,L,I,G,P,T,P,L,N,V,I,G,R,N,V,M,T,Q,I,G,C,T,L,N,F
3ekt,P,Q,I,T,L,W,K,R,P,I,V,T,I,R,I,G,G,Q,L,K,E,A,L,L,D,T,G,A,D,D,T,V,L,E,E,M,N,L,P,G,K,W,K,P,K,M,I,V,G,I,G,G,F,V,K,V,R,Q,Y,D,Q,I,P,I,E,I,C,G,H,K,A,I,G,T,V,L,V,G,P,T,P,A,N,I,I,G,R,N,L,L,T,Q,I,G,C,T,L,N,F
KY26,P,Q,I,T,L,W,K,R,P,V,V,V,V,K,V,G,G,Q,L,M,E,A,L,L,D,T,G,A,D,D,T,I,F,E,E,M,N,L,P,G,R,W,T,P,K,I,V,G,G,I,G,G,F,M,K,V,R,Q,Y,E,N,V,P,I,E,I,Y,G,K,K,I,L,S,T,V,L,I,G,P,T,P,A,N,I,I,G,R,N,V,M,T,Q,I,G,C,T,L,N,F
1t3r,P,Q,I,T,L,W,K,R,P,L,V,T,I,R,I,G,G,Q,L,K,E,A,L,L,D,T,G,A,D,D,T,V,L,E,E,M,N,L,P,G,K,W,K,P,K,M,I,G,G,I,G,G,F,I,K,V,R,Q,Y,D,Q,I,P,V,E,I,C,G,H,K,A,I,G,T,V,L,V,G,P,T,P,V,N,I,I,G,R,N,L,L,T,Q,I,G,C,T,L,N,F
2f80,P,Q,I,T,L,W,K,R,P,L,V,T,I,K,I,G,G,Q,L,K,E,A,L,L,D,T,G,A,D,N,T,V,I,E,E,M,S,L,P,G,R,W,K,P,K,M,I,G,G,I,G,G,F,I,K,V,R,Q,Y,D,Q,I,I,I,E,I,A,G,H,K,A,I,G,T,V,L,V,G,P,T,P,V,N,I,I,G,R,N,L,L,T,Q,I,G,A,T,L,N,F
3cyw,P,Q,I,T,L,W,K,R,P,L,V,T,I,K,I,G,G,Q,L,K,E,A,L,L,D,T,G,A,D,D,T,V,I,E,E,M,S,L,P,G,R,W,K,P,K,M,I,V,G,I,G,G,F,I,K,V,R,Q,Y,D,Q,I,I,I,E,I,A,G,H,K,A,I,G,T,V,L,V,G,P,T,P,V,N,I,I,G,R,N,L,L,T,Q,I,G,A,T,L,N,F
3ucb,P,Q,I,T,L,W,K,R,P,F,V,T,V,K,V,G,G,Q,L,K,E,A,L,L,D,T,G,A,D,N,T,I,F,E,D,I,N,L,P,G,R,W,K,P,K,M,V,G,G,I,G,G,F,L,K,V,R,E,Y,D,Q,V,P,I,E,I,A,G,H,K,V,I,G,T,V,L,V,G,P,T,P,V,N,V,I,G,R,D,T,M,T,Q,I,G,A,T,L,N,F
5kqy,P,Q,I,T,L,W,K,R,P,L,V,T,I,K,I,G,G,Q,L,K,E,A,L,L,D,T,G,A,D,D,T,V,I,E,D,M,S,L,P,G,R,W,K,P,K,M,I,G,G,I,G,G,F,I,K,V,R,Q,Y,D,Q,I,I,I,E,I,A,G,H,K,A,I,G,T,V,L,V,G,P,T,P,V,N,I,I,G,R,N,L,L,T,Q,I,G,A,T,L,N,F
3d1z,P,Q,I,T,L,W,K,R,P,L,V,T,I,K,I,G,G,Q,L,K,E,A,L,L,D,T,G,A,D,D,T,V,I,E,E,M,S,L,P,G,R,W,K,P,K,M,I,G,G,I,G,G,F,M,K,V,R,Q,Y,D,Q,I,I,I,E,I,A,G,H,K,A,I,G,T,V,L,V,G,P,T,P,V,N,I,I,G,R,N,L,L,T,Q,I,G,A,T,L,N,F
